CREATE TABLE "products" (
  "id" int PRIMARY KEY,
  "name" VARCHAR(50),
  "type" VARCHAR(50),
  "rank" INT,
  "cost" INT
);

CREATE TABLE "customers" (
  "id" int PRIMARY KEY,
  "basket_id" int,
  "name" VARCHAR(50),
  "email" VARCHAR(50),
  "phone_number" VARCHAR(50),
  "location" VARCHAR(50),
  "payment" int
);

CREATE TABLE "basket" (
  "id" int PRIMARY KEY,
  "cost" INT,
  "counter" INT,
  "products_id" INT
);

CREATE TABLE "company" (
  "id" int PRIMARY KEY,
  "country" VARCHAR(50),
  "products_id" INT
);

ALTER TABLE "customers" ADD FOREIGN KEY ("basket_id") REFERENCES "basket" ("id");

ALTER TABLE "basket" ADD FOREIGN KEY ("products_id") REFERENCES "products" ("id");

ALTER TABLE "company" ADD FOREIGN KEY ("products_id") REFERENCES "products" ("id");

insert into products (id, name, type, rank, cost) values (1, 'Roe - Flying Fish', 'PE', 1, 27);
insert into products (id, name, type, rank, cost) values (2, 'Nut - Cashews, Whole, Raw', 'PL', 2, 6);
insert into products (id, name, type, rank, cost) values (3, 'Irish Cream - Baileys', 'BD', 3, 56);
insert into products (id, name, type, rank, cost) values (4, 'Pork Salted Bellies', 'FR', 4, 13);
insert into products (id, name, type, rank, cost) values (5, 'Wine - Red, Wolf Blass, Yellow', 'US', 5, 29);
insert into products (id, name, type, rank, cost) values (6, 'Muffin - Banana Nut Individual', 'CN', 6, 33);
insert into products (id, name, type, rank, cost) values (7, 'Sprite, Diet - 355ml', 'RU', 7, 26);
insert into products (id, name, type, rank, cost) values (8, 'Tart - Lemon', 'SR', 8, 24);
insert into products (id, name, type, rank, cost) values (9, 'Chutney Sauce', 'SE', 9, 21);
insert into products (id, name, type, rank, cost) values (10, 'Trout - Rainbow, Frozen', 'HR', 10, 52);
insert into products (id, name, type, rank, cost) values (11, 'Steampan Lid', 'UA', 11, 48);
insert into products (id, name, type, rank, cost) values (12, 'Trueblue - Blueberry Cranberry', 'PT', 12, 98);
insert into products (id, name, type, rank, cost) values (13, 'Salmon - Atlantic, Fresh, Whole', 'UA', 13, 42);
insert into products (id, name, type, rank, cost) values (14, 'Absolut Citron', 'FR', 14, 96);
insert into products (id, name, type, rank, cost) values (15, 'Longos - Chicken Cordon Bleu', 'CN', 15, 23);
insert into products (id, name, type, rank, cost) values (16, 'Beets - Pickled', 'ID', 16, 26);
insert into products (id, name, type, rank, cost) values (17, 'Bread - Pain Au Liat X12', 'PE', 17, 29);
insert into products (id, name, type, rank, cost) values (18, 'Rum - Mount Gay Eclipes', 'BR', 18, 22);
insert into products (id, name, type, rank, cost) values (19, 'Vinegar - White', 'BA', 19, 40);
insert into products (id, name, type, rank, cost) values (20, 'Nut - Pumpkin Seeds', 'PE', 20, 83);
insert into products (id, name, type, rank, cost) values (21, 'Turnip - White, Organic', 'MK', 21, 16);
insert into products (id, name, type, rank, cost) values (22, 'Soup Campbells - Tomato Bisque', 'ID', 22, 96);
insert into products (id, name, type, rank, cost) values (23, 'Eggplant Oriental', 'US', 23, 10);
insert into products (id, name, type, rank, cost) values (24, 'Halibut - Steaks', 'FR', 24, 42);
insert into products (id, name, type, rank, cost) values (25, 'Cardamon Ground', 'AL', 25, 56);
insert into products (id, name, type, rank, cost) values (26, 'Wine - Magnotta - Cab Sauv', 'FR', 26, 80);
insert into products (id, name, type, rank, cost) values (27, 'Food Colouring - Pink', 'CN', 27, 72);
insert into products (id, name, type, rank, cost) values (28, 'Juice - Prune', 'TH', 28, 78);
insert into products (id, name, type, rank, cost) values (29, 'Wine - Ej Gallo Sonoma', 'CF', 29, 74);
insert into products (id, name, type, rank, cost) values (30, 'Icecream Cone - Areo Chocolate', 'PE', 30, 28);
insert into products (id, name, type, rank, cost) values (31, 'Muffin Batt - Ban Dream Zero', 'NI', 31, 83);
insert into products (id, name, type, rank, cost) values (32, 'Beets - Candy Cane, Organic', 'CN', 32, 4);
insert into products (id, name, type, rank, cost) values (33, 'Icecream Bar - Del Monte', 'PA', 33, 17);
insert into products (id, name, type, rank, cost) values (34, 'Mix - Cappucino Cocktail', 'CN', 34, 39);
insert into products (id, name, type, rank, cost) values (35, 'Cup - 3.5oz, Foam', 'PT', 35, 55);
insert into products (id, name, type, rank, cost) values (36, 'Sauce - Balsamic Viniagrette', 'ID', 36, 17);
insert into products (id, name, type, rank, cost) values (37, 'Food Colouring - Blue', 'ID', 37, 24);
insert into products (id, name, type, rank, cost) values (38, 'English Muffin', 'PT', 38, 41);
insert into products (id, name, type, rank, cost) values (39, 'Soup - Campbells Chili Veg', 'NO', 39, 43);
insert into products (id, name, type, rank, cost) values (40, 'Almonds Ground Blanched', 'GR', 40, 4);
insert into products (id, name, type, rank, cost) values (41, 'Glaze - Apricot', 'CN', 41, 46);
insert into products (id, name, type, rank, cost) values (42, 'External Supplier', 'DO', 42, 22);
insert into products (id, name, type, rank, cost) values (43, 'Milk - Condensed', 'CN', 43, 36);
insert into products (id, name, type, rank, cost) values (44, 'Beef - Top Sirloin', 'CN', 44, 33);
insert into products (id, name, type, rank, cost) values (45, 'Glass - Wine, Plastic, Clear 5 Oz', 'CO', 45, 73);
insert into products (id, name, type, rank, cost) values (46, 'Octopus - Baby, Cleaned', 'PH', 46, 43);
insert into products (id, name, type, rank, cost) values (47, 'Vacuum Bags 12x16', 'ID', 47, 8);
insert into products (id, name, type, rank, cost) values (48, 'Soap - Mr.clean Floor Soap', 'ID', 48, 11);
insert into products (id, name, type, rank, cost) values (49, 'Wine - White, Cooking', 'ID', 49, 59);
insert into products (id, name, type, rank, cost) values (50, 'Strawberries - California', 'BO', 50, 98);
insert into products (id, name, type, rank, cost) values (51, 'Bread - White, Unsliced', 'PH', 51, 23);
insert into products (id, name, type, rank, cost) values (52, 'Meldea Green Tea Liquor', 'CN', 52, 62);
insert into products (id, name, type, rank, cost) values (53, 'Sour Puss - Tangerine', 'CN', 53, 61);
insert into products (id, name, type, rank, cost) values (54, 'Chick Peas - Dried', 'PH', 54, 9);
insert into products (id, name, type, rank, cost) values (55, 'Salmon - Atlantic, Skin On', 'CZ', 55, 94);
insert into products (id, name, type, rank, cost) values (56, 'Chilli Paste, Sambal Oelek', 'VE', 56, 44);
insert into products (id, name, type, rank, cost) values (57, 'Radish - Black, Winter, Organic', 'CN', 57, 11);
insert into products (id, name, type, rank, cost) values (58, 'Lamb Rack Frenched Australian', 'VN', 58, 87);
insert into products (id, name, type, rank, cost) values (59, 'Buffalo - Tenderloin', 'PE', 59, 96);
insert into products (id, name, type, rank, cost) values (60, 'Veal - Osso Bucco', 'NI', 60, 5);
insert into products (id, name, type, rank, cost) values (61, 'Pineapple - Regular', 'NZ', 61, 41);
insert into products (id, name, type, rank, cost) values (62, 'Calypso - Black Cherry Lemonade', 'US', 62, 39);
insert into products (id, name, type, rank, cost) values (63, 'Brandy Cherry - Mcguinness', 'CZ', 63, 67);
insert into products (id, name, type, rank, cost) values (64, 'Milk - Chocolate 500ml', 'CN', 64, 56);
insert into products (id, name, type, rank, cost) values (65, 'Lamb Rack - Ontario', 'FR', 65, 12);
insert into products (id, name, type, rank, cost) values (66, 'Cotton Wet Mop 16 Oz', 'ID', 66, 80);
insert into products (id, name, type, rank, cost) values (67, 'V8 - Berry Blend', 'CO', 67, 53);
insert into products (id, name, type, rank, cost) values (68, 'Magnotta Bel Paese Red', 'US', 68, 34);
insert into products (id, name, type, rank, cost) values (69, 'Scotch - Queen Anne', 'GR', 69, 74);
insert into products (id, name, type, rank, cost) values (70, 'Grapes - Green', 'AM', 70, 50);
insert into products (id, name, type, rank, cost) values (71, 'Plasticknivesblack', 'CN', 71, 11);
insert into products (id, name, type, rank, cost) values (72, 'Soup - Campbells', 'FR', 72, 97);
insert into products (id, name, type, rank, cost) values (73, 'Bread - Hot Dog Buns', 'NC', 73, 51);
insert into products (id, name, type, rank, cost) values (74, 'Beef - Baby, Liver', 'GR', 74, 70);
insert into products (id, name, type, rank, cost) values (75, 'Veal - Kidney', 'PH', 75, 19);
insert into products (id, name, type, rank, cost) values (76, 'Cookie Dough - Double', 'CN', 76, 48);
insert into products (id, name, type, rank, cost) values (77, 'Dried Peach', 'ID', 77, 61);
insert into products (id, name, type, rank, cost) values (78, 'Juice - Tomato, 10 Oz', 'RU', 78, 3);
insert into products (id, name, type, rank, cost) values (79, 'Lumpfish Black', 'ID', 79, 5);
insert into products (id, name, type, rank, cost) values (80, 'Oil - Pumpkinseed', 'RU', 80, 52);
insert into products (id, name, type, rank, cost) values (81, 'Lamb - Whole, Frozen', 'PH', 81, 73);
insert into products (id, name, type, rank, cost) values (82, 'Wine - Chateau Aqueria Tavel', 'CN', 82, 94);
insert into products (id, name, type, rank, cost) values (83, 'Flower - Daisies', 'CD', 83, 52);
insert into products (id, name, type, rank, cost) values (84, 'Wine - Riesling Dr. Pauly', 'CN', 84, 81);
insert into products (id, name, type, rank, cost) values (85, 'Energy Drink Red Bull', 'CA', 85, 67);
insert into products (id, name, type, rank, cost) values (86, 'Nantucket - Kiwi Berry Cktl.', 'CI', 86, 13);
insert into products (id, name, type, rank, cost) values (87, 'Transfer Sheets', 'CO', 87, 20);
insert into products (id, name, type, rank, cost) values (88, 'Beef Striploin Aaa', 'CN', 88, 39);
insert into products (id, name, type, rank, cost) values (89, 'Melon - Watermelon, Seedless', 'PH', 89, 51);
insert into products (id, name, type, rank, cost) values (90, 'Soup - Campbells Beef Strogonoff', 'CM', 90, 6);
insert into products (id, name, type, rank, cost) values (91, 'Milk - 2% 250 Ml', 'CM', 91, 92);
insert into products (id, name, type, rank, cost) values (92, 'Fond - Neutral', 'PH', 92, 1);
insert into products (id, name, type, rank, cost) values (93, 'Pineapple - Regular', 'RU', 93, 6);
insert into products (id, name, type, rank, cost) values (94, 'Alize Red Passion', 'CN', 94, 94);
insert into products (id, name, type, rank, cost) values (95, 'Beer - Mill St Organic', 'EG', 95, 64);
insert into products (id, name, type, rank, cost) values (96, 'Cheese - Gouda Smoked', 'ID', 96, 6);
insert into products (id, name, type, rank, cost) values (97, 'Hot Chocolate - Individual', 'PH', 97, 71);
insert into products (id, name, type, rank, cost) values (98, 'Towel - Roll White', 'CN', 98, 32);
insert into products (id, name, type, rank, cost) values (99, 'Broom - Angled', 'PH', 99, 84);
insert into products (id, name, type, rank, cost) values (100, 'Beets - Pickled', 'CN', 100, 11);

insert into basket (id, cost, counter, products_id) values (1, 493, 1, 1);
insert into basket (id, cost, counter, products_id) values (2, 783, 2, 2);
insert into basket (id, cost, counter, products_id) values (3, 524, 3, 3);
insert into basket (id, cost, counter, products_id) values (4, 575, 4, 4);
insert into basket (id, cost, counter, products_id) values (5, 457, 5, 5);
insert into basket (id, cost, counter, products_id) values (6, 889, 6, 6);
insert into basket (id, cost, counter, products_id) values (7, 512, 7, 7);
insert into basket (id, cost, counter, products_id) values (8, 713, 8, 8);
insert into basket (id, cost, counter, products_id) values (9, 16, 9, 9);
insert into basket (id, cost, counter, products_id) values (10, 376, 10, 10);
insert into basket (id, cost, counter, products_id) values (11, 374, 11, 11);
insert into basket (id, cost, counter, products_id) values (12, 905, 12, 12);
insert into basket (id, cost, counter, products_id) values (13, 657, 13, 13);
insert into basket (id, cost, counter, products_id) values (14, 596, 14, 14);
insert into basket (id, cost, counter, products_id) values (15, 328, 15, 15);
insert into basket (id, cost, counter, products_id) values (16, 179, 16, 16);
insert into basket (id, cost, counter, products_id) values (17, 958, 17, 17);
insert into basket (id, cost, counter, products_id) values (18, 30, 18, 18);
insert into basket (id, cost, counter, products_id) values (19, 911, 19, 19);
insert into basket (id, cost, counter, products_id) values (20, 756, 20, 20);
insert into basket (id, cost, counter, products_id) values (21, 571, 21, 21);
insert into basket (id, cost, counter, products_id) values (22, 886, 22, 22);
insert into basket (id, cost, counter, products_id) values (23, 818, 23, 23);
insert into basket (id, cost, counter, products_id) values (24, 333, 24, 24);
insert into basket (id, cost, counter, products_id) values (25, 227, 25, 25);
insert into basket (id, cost, counter, products_id) values (26, 726, 26, 26);
insert into basket (id, cost, counter, products_id) values (27, 83, 27, 27);
insert into basket (id, cost, counter, products_id) values (28, 185, 28, 28);
insert into basket (id, cost, counter, products_id) values (29, 310, 29, 29);
insert into basket (id, cost, counter, products_id) values (30, 852, 30, 30);
insert into basket (id, cost, counter, products_id) values (31, 65, 31, 31);
insert into basket (id, cost, counter, products_id) values (32, 252, 32, 32);
insert into basket (id, cost, counter, products_id) values (33, 221, 33, 33);
insert into basket (id, cost, counter, products_id) values (34, 870, 34, 34);
insert into basket (id, cost, counter, products_id) values (35, 273, 35, 35);
insert into basket (id, cost, counter, products_id) values (36, 564, 36, 36);
insert into basket (id, cost, counter, products_id) values (37, 520, 37, 37);
insert into basket (id, cost, counter, products_id) values (38, 55, 38, 38);
insert into basket (id, cost, counter, products_id) values (39, 758, 39, 39);
insert into basket (id, cost, counter, products_id) values (40, 58, 40, 40);
insert into basket (id, cost, counter, products_id) values (41, 623, 41, 41);
insert into basket (id, cost, counter, products_id) values (42, 947, 42, 42);
insert into basket (id, cost, counter, products_id) values (43, 87, 43, 43);
insert into basket (id, cost, counter, products_id) values (44, 51, 44, 44);
insert into basket (id, cost, counter, products_id) values (45, 919, 45, 45);
insert into basket (id, cost, counter, products_id) values (46, 889, 46, 46);
insert into basket (id, cost, counter, products_id) values (47, 646, 47, 47);
insert into basket (id, cost, counter, products_id) values (48, 118, 48, 48);
insert into basket (id, cost, counter, products_id) values (49, 11, 49, 49);
insert into basket (id, cost, counter, products_id) values (50, 849, 50, 50);
insert into basket (id, cost, counter, products_id) values (51, 249, 51, 51);
insert into basket (id, cost, counter, products_id) values (52, 642, 52, 52);
insert into basket (id, cost, counter, products_id) values (53, 878, 53, 53);
insert into basket (id, cost, counter, products_id) values (54, 963, 54, 54);
insert into basket (id, cost, counter, products_id) values (55, 218, 55, 55);
insert into basket (id, cost, counter, products_id) values (56, 45, 56, 56);
insert into basket (id, cost, counter, products_id) values (57, 990, 57, 57);
insert into basket (id, cost, counter, products_id) values (58, 497, 58, 58);
insert into basket (id, cost, counter, products_id) values (59, 563, 59, 59);
insert into basket (id, cost, counter, products_id) values (60, 857, 60, 60);
insert into basket (id, cost, counter, products_id) values (61, 454, 61, 61);
insert into basket (id, cost, counter, products_id) values (62, 769, 62, 62);
insert into basket (id, cost, counter, products_id) values (63, 605, 63, 63);
insert into basket (id, cost, counter, products_id) values (64, 475, 64, 64);
insert into basket (id, cost, counter, products_id) values (65, 385, 65, 65);
insert into basket (id, cost, counter, products_id) values (66, 469, 66, 66);
insert into basket (id, cost, counter, products_id) values (67, 924, 67, 67);
insert into basket (id, cost, counter, products_id) values (68, 145, 68, 68);
insert into basket (id, cost, counter, products_id) values (69, 108, 69, 69);
insert into basket (id, cost, counter, products_id) values (70, 572, 70, 70);
insert into basket (id, cost, counter, products_id) values (71, 277, 71, 71);
insert into basket (id, cost, counter, products_id) values (72, 955, 72, 72);
insert into basket (id, cost, counter, products_id) values (73, 525, 73, 73);
insert into basket (id, cost, counter, products_id) values (74, 560, 74, 74);
insert into basket (id, cost, counter, products_id) values (75, 19, 75, 75);
insert into basket (id, cost, counter, products_id) values (76, 981, 76, 76);
insert into basket (id, cost, counter, products_id) values (77, 770, 77, 77);
insert into basket (id, cost, counter, products_id) values (78, 426, 78, 78);
insert into basket (id, cost, counter, products_id) values (79, 787, 79, 79);
insert into basket (id, cost, counter, products_id) values (80, 71, 80, 80);
insert into basket (id, cost, counter, products_id) values (81, 976, 81, 81);
insert into basket (id, cost, counter, products_id) values (82, 853, 82, 82);
insert into basket (id, cost, counter, products_id) values (83, 431, 83, 83);
insert into basket (id, cost, counter, products_id) values (84, 474, 84, 84);
insert into basket (id, cost, counter, products_id) values (85, 123, 85, 85);
insert into basket (id, cost, counter, products_id) values (86, 595, 86, 86);
insert into basket (id, cost, counter, products_id) values (87, 590, 87, 87);
insert into basket (id, cost, counter, products_id) values (88, 201, 88, 88);
insert into basket (id, cost, counter, products_id) values (89, 214, 89, 89);
insert into basket (id, cost, counter, products_id) values (90, 123, 90, 90);
insert into basket (id, cost, counter, products_id) values (91, 79, 91, 91);
insert into basket (id, cost, counter, products_id) values (92, 361, 92, 92);
insert into basket (id, cost, counter, products_id) values (93, 669, 93, 93);
insert into basket (id, cost, counter, products_id) values (94, 465, 94, 94);
insert into basket (id, cost, counter, products_id) values (95, 660, 95, 95);
insert into basket (id, cost, counter, products_id) values (96, 667, 96, 96);
insert into basket (id, cost, counter, products_id) values (97, 695, 97, 97);
insert into basket (id, cost, counter, products_id) values (98, 249, 98, 98);
insert into basket (id, cost, counter, products_id) values (99, 870, 99, 99);
insert into basket (id, cost, counter, products_id) values (100, 310, 100, 100);

insert into customers (id, basket_id, name, email, phone_number, location, payment) values (1, 1, 'Patinkin', 'kpatinkin0@networkadvertising.org', '832-898-0602', 'Japan', 908);
insert into customers (id, basket_id, name, email, phone_number, location, payment) values (2, 2, 'McSaul', 'bmcsaul1@g.co', '656-891-1783', 'Russia', 842);
insert into customers (id, basket_id, name, email, phone_number, location, payment) values (3, 3, 'de Glanville', 'gdeglanville2@sogou.com', '148-982-6847', 'North Korea', 891);
insert into customers (id, basket_id, name, email, phone_number, location, payment) values (4, 4, 'La Wille', 'plawille3@technorati.com', '136-240-7265', 'Iran', 26);
insert into customers (id, basket_id, name, email, phone_number, location, payment) values (5, 5, 'Swyne', 'gswyne4@engadget.com', '449-125-8503', 'Poland', 117);
insert into customers (id, basket_id, name, email, phone_number, location, payment) values (6, 6, 'Ridgedell', 'gridgedell5@ezinearticles.com', '540-816-1967', 'Armenia', 160);
insert into customers (id, basket_id, name, email, phone_number, location, payment) values (7, 7, 'Niland', 'cniland6@twitter.com', '822-509-7771', 'Guatemala', 366);
insert into customers (id, basket_id, name, email, phone_number, location, payment) values (8, 8, 'Kleinpeltz', 'gkleinpeltz7@vistaprint.com', '246-587-5818', 'Philippines', 964);
insert into customers (id, basket_id, name, email, phone_number, location, payment) values (9, 9, 'Kindread', 'ekindread8@nydailynews.com', '589-669-6632', 'China', 826);
insert into customers (id, basket_id, name, email, phone_number, location, payment) values (10, 10, 'Doel', 'bdoel9@uiuc.edu', '580-263-6129', 'Cuba', 149);
insert into customers (id, basket_id, name, email, phone_number, location, payment) values (11, 11, 'Hallward', 'challwarda@smh.com.au', '857-437-8263', 'Palestinian Territory', 202);
insert into customers (id, basket_id, name, email, phone_number, location, payment) values (12, 12, 'Golbourn', 'jgolbournb@sogou.com', '944-468-2905', 'China', 428);
insert into customers (id, basket_id, name, email, phone_number, location, payment) values (13, 13, 'Adicot', 'madicotc@ebay.co.uk', '504-476-2645', 'China', 287);
insert into customers (id, basket_id, name, email, phone_number, location, payment) values (14, 14, 'Kleinfeld', 'fkleinfeldd@yale.edu', '366-463-6671', 'South Korea', 52);
insert into customers (id, basket_id, name, email, phone_number, location, payment) values (15, 15, 'Fauning', 'rfauninge@youtu.be', '549-261-1904', 'China', 833);
insert into customers (id, basket_id, name, email, phone_number, location, payment) values (16, 16, 'Groombridge', 'mgroombridgef@paginegialle.it', '251-169-4598', 'Tunisia', 434);
insert into customers (id, basket_id, name, email, phone_number, location, payment) values (17, 17, 'Aspall', 'aaspallg@theatlantic.com', '671-137-9916', 'Germany', 837);
insert into customers (id, basket_id, name, email, phone_number, location, payment) values (18, 18, 'Kedward', 'hkedwardh@yolasite.com', '879-512-7303', 'Peru', 406);
insert into customers (id, basket_id, name, email, phone_number, location, payment) values (19, 19, 'Georgiades', 'vgeorgiadesi@cornell.edu', '203-336-3908', 'China', 573);
insert into customers (id, basket_id, name, email, phone_number, location, payment) values (20, 20, 'Esposi', 'desposij@about.com', '551-846-3475', 'Argentina', 113);
insert into customers (id, basket_id, name, email, phone_number, location, payment) values (21, 21, 'Janas', 'tjanask@hostgator.com', '540-227-7270', 'Japan', 689);
insert into customers (id, basket_id, name, email, phone_number, location, payment) values (22, 22, 'Arangy', 'tarangyl@netlog.com', '594-180-7532', 'Indonesia', 127);
insert into customers (id, basket_id, name, email, phone_number, location, payment) values (23, 23, 'Shallow', 'kshallowm@simplemachines.org', '255-648-6325', 'China', 592);
insert into customers (id, basket_id, name, email, phone_number, location, payment) values (24, 24, 'Tovey', 'atoveyn@patch.com', '614-804-1419', 'China', 85);
insert into customers (id, basket_id, name, email, phone_number, location, payment) values (25, 25, 'Stroband', 'pstrobando@smugmug.com', '265-735-3002', 'Japan', 985);
insert into customers (id, basket_id, name, email, phone_number, location, payment) values (26, 26, 'Barlee', 'abarleep@mlb.com', '276-117-8377', 'Russia', 672);
insert into customers (id, basket_id, name, email, phone_number, location, payment) values (27, 27, 'Hadaway', 'thadawayq@de.vu', '715-240-7754', 'Indonesia', 960);
insert into customers (id, basket_id, name, email, phone_number, location, payment) values (28, 28, 'Grills', 'mgrillsr@adobe.com', '790-862-2306', 'Croatia', 371);
insert into customers (id, basket_id, name, email, phone_number, location, payment) values (29, 29, 'Helwig', 'bhelwigs@wp.com', '569-415-2066', 'Tajikistan', 718);
insert into customers (id, basket_id, name, email, phone_number, location, payment) values (30, 30, 'Danforth', 'edanfortht@admin.ch', '472-476-4113', 'Russia', 38);
insert into customers (id, basket_id, name, email, phone_number, location, payment) values (31, 31, 'Romera', 'bromerau@tamu.edu', '357-120-0988', 'China', 531);
insert into customers (id, basket_id, name, email, phone_number, location, payment) values (32, 32, 'Beavan', 'abeavanv@guardian.co.uk', '200-763-1917', 'Russia', 84);
insert into customers (id, basket_id, name, email, phone_number, location, payment) values (33, 33, 'Killbey', 'wkillbeyw@symantec.com', '716-201-7944', 'El Salvador', 492);
insert into customers (id, basket_id, name, email, phone_number, location, payment) values (34, 34, 'Fauning', 'bfauningx@yolasite.com', '617-287-2782', 'Brazil', 811);
insert into customers (id, basket_id, name, email, phone_number, location, payment) values (35, 35, 'Sabater', 'psabatery@t-online.de', '545-286-6210', 'Canada', 734);
insert into customers (id, basket_id, name, email, phone_number, location, payment) values (36, 36, 'Searles', 'msearlesz@aol.com', '429-511-7595', 'Russia', 878);
insert into customers (id, basket_id, name, email, phone_number, location, payment) values (37, 37, 'Creboe', 'bcreboe10@ca.gov', '548-542-4280', 'France', 983);
insert into customers (id, basket_id, name, email, phone_number, location, payment) values (38, 38, 'Stocky', 'jstocky11@yahoo.co.jp', '854-706-9513', 'Philippines', 860);
insert into customers (id, basket_id, name, email, phone_number, location, payment) values (39, 39, 'Beney', 'abeney12@smugmug.com', '953-496-8719', 'Indonesia', 76);
insert into customers (id, basket_id, name, email, phone_number, location, payment) values (40, 40, 'Langthorne', 'glangthorne13@hud.gov', '598-297-0792', 'China', 883);
insert into customers (id, basket_id, name, email, phone_number, location, payment) values (41, 41, 'Shoulder', 'eshoulder14@chicagotribune.com', '536-528-8380', 'Canada', 303);
insert into customers (id, basket_id, name, email, phone_number, location, payment) values (42, 42, 'Capelen', 'ecapelen15@unc.edu', '793-468-0702', 'Canada', 30);
insert into customers (id, basket_id, name, email, phone_number, location, payment) values (43, 43, 'Caldecutt', 'wcaldecutt16@hc360.com', '468-291-1774', 'Indonesia', 529);
insert into customers (id, basket_id, name, email, phone_number, location, payment) values (44, 44, 'Gerald', 'mgerald17@nymag.com', '627-165-2963', 'Philippines', 377);
insert into customers (id, basket_id, name, email, phone_number, location, payment) values (45, 45, 'Gowanlock', 'fgowanlock18@wikia.com', '769-795-6447', 'Germany', 216);
insert into customers (id, basket_id, name, email, phone_number, location, payment) values (46, 46, 'Faldo', 'efaldo19@google.co.jp', '813-548-0808', 'Portugal', 162);
insert into customers (id, basket_id, name, email, phone_number, location, payment) values (47, 47, 'Tregust', 'htregust1a@bravesites.com', '734-246-8595', 'Brazil', 732);
insert into customers (id, basket_id, name, email, phone_number, location, payment) values (48, 48, 'Dreier', 'cdreier1b@ted.com', '607-369-6488', 'Ukraine', 82);
insert into customers (id, basket_id, name, email, phone_number, location, payment) values (49, 49, 'Kinane', 'akinane1c@vinaora.com', '581-994-1986', 'South Africa', 876);
insert into customers (id, basket_id, name, email, phone_number, location, payment) values (50, 50, 'Westmacott', 'swestmacott1d@de.vu', '966-551-4169', 'Indonesia', 843);
insert into customers (id, basket_id, name, email, phone_number, location, payment) values (51, 51, 'Merfin', 'cmerfin1e@yahoo.com', '484-390-4221', 'Sweden', 713);
insert into customers (id, basket_id, name, email, phone_number, location, payment) values (52, 52, 'Bellie', 'wbellie1f@forbes.com', '341-433-0626', 'Peru', 296);
insert into customers (id, basket_id, name, email, phone_number, location, payment) values (53, 53, 'Iorio', 'kiorio1g@cocolog-nifty.com', '613-298-2244', 'Brazil', 454);
insert into customers (id, basket_id, name, email, phone_number, location, payment) values (54, 54, 'McCusker', 'amccusker1h@webs.com', '893-113-9749', 'Morocco', 493);
insert into customers (id, basket_id, name, email, phone_number, location, payment) values (55, 55, 'Dionsetto', 'cdionsetto1i@oracle.com', '513-403-2330', 'Indonesia', 311);
insert into customers (id, basket_id, name, email, phone_number, location, payment) values (56, 56, 'Ratley', 'aratley1j@fda.gov', '968-879-7188', 'France', 274);
insert into customers (id, basket_id, name, email, phone_number, location, payment) values (57, 57, 'Dalgleish', 'ldalgleish1k@123-reg.co.uk', '498-702-0982', 'Tunisia', 513);
insert into customers (id, basket_id, name, email, phone_number, location, payment) values (58, 58, 'MacAscaidh', 'dmacascaidh1l@constantcontact.com', '101-466-7881', 'China', 912);
insert into customers (id, basket_id, name, email, phone_number, location, payment) values (59, 59, 'Gegg', 'dgegg1m@go.com', '549-144-5641', 'Indonesia', 751);
insert into customers (id, basket_id, name, email, phone_number, location, payment) values (60, 60, 'Senton', 'lsenton1n@usnews.com', '154-983-8676', 'Palestinian Territory', 428);
insert into customers (id, basket_id, name, email, phone_number, location, payment) values (61, 61, 'Ivanyutin', 'nivanyutin1o@phoca.cz', '386-680-5812', 'India', 686);
insert into customers (id, basket_id, name, email, phone_number, location, payment) values (62, 62, 'Rolfi', 'erolfi1p@trellian.com', '566-135-8165', 'Peru', 948);
insert into customers (id, basket_id, name, email, phone_number, location, payment) values (63, 63, 'Flement', 'mflement1q@php.net', '219-253-9331', 'Latvia', 39);
insert into customers (id, basket_id, name, email, phone_number, location, payment) values (64, 64, 'Watters', 'wwatters1r@networksolutions.com', '849-636-8249', 'Thailand', 774);
insert into customers (id, basket_id, name, email, phone_number, location, payment) values (65, 65, 'Flewett', 'hflewett1s@ezinearticles.com', '780-985-3562', 'China', 616);
insert into customers (id, basket_id, name, email, phone_number, location, payment) values (66, 66, 'Cabane', 'scabane1t@nydailynews.com', '631-492-6061', 'Guatemala', 297);
insert into customers (id, basket_id, name, email, phone_number, location, payment) values (67, 67, 'Lamperd', 'ilamperd1u@so-net.ne.jp', '564-551-5369', 'Norway', 660);
insert into customers (id, basket_id, name, email, phone_number, location, payment) values (68, 68, 'Durram', 'adurram1v@guardian.co.uk', '399-584-4209', 'China', 491);
insert into customers (id, basket_id, name, email, phone_number, location, payment) values (69, 69, 'Finnimore', 'ffinnimore1w@wordpress.com', '198-993-5098', 'China', 483);
insert into customers (id, basket_id, name, email, phone_number, location, payment) values (70, 70, 'Emilien', 'bemilien1x@craigslist.org', '558-396-4062', 'Brazil', 916);
insert into customers (id, basket_id, name, email, phone_number, location, payment) values (71, 71, 'Beere', 'tbeere1y@123-reg.co.uk', '814-933-3789', 'Argentina', 25);
insert into customers (id, basket_id, name, email, phone_number, location, payment) values (72, 72, 'Dashper', 'pdashper1z@ca.gov', '686-560-6476', 'Philippines', 839);
insert into customers (id, basket_id, name, email, phone_number, location, payment) values (73, 73, 'Schollick', 'lschollick20@globo.com', '244-748-0933', 'Slovenia', 318);
insert into customers (id, basket_id, name, email, phone_number, location, payment) values (74, 74, 'Rowsel', 'rrowsel21@1und1.de', '460-372-4186', 'Sweden', 930);
insert into customers (id, basket_id, name, email, phone_number, location, payment) values (75, 75, 'Colt', 'jcolt22@blogs.com', '664-897-1330', 'China', 306);
insert into customers (id, basket_id, name, email, phone_number, location, payment) values (76, 76, 'Cavnor', 'scavnor23@cafepress.com', '735-510-7609', 'Palestinian Territory', 222);
insert into customers (id, basket_id, name, email, phone_number, location, payment) values (77, 77, 'McCafferky', 'bmccafferky24@netvibes.com', '468-307-2882', 'Albania', 615);
insert into customers (id, basket_id, name, email, phone_number, location, payment) values (78, 78, 'Organer', 'jorganer25@ihg.com', '649-655-2613', 'Russia', 877);
insert into customers (id, basket_id, name, email, phone_number, location, payment) values (79, 79, 'Ply', 'cply26@homestead.com', '373-923-7652', 'Kyrgyzstan', 215);
insert into customers (id, basket_id, name, email, phone_number, location, payment) values (80, 80, 'Grix', 'cgrix27@nhs.uk', '227-265-5711', 'China', 158);
insert into customers (id, basket_id, name, email, phone_number, location, payment) values (81, 81, 'Flahy', 'mflahy28@blogspot.com', '677-303-2488', 'Paraguay', 193);
insert into customers (id, basket_id, name, email, phone_number, location, payment) values (82, 82, 'Gregoraci', 'xgregoraci29@usda.gov', '728-340-3849', 'Mongolia', 400);
insert into customers (id, basket_id, name, email, phone_number, location, payment) values (83, 83, 'Reddoch', 'nreddoch2a@hud.gov', '807-755-9417', 'China', 575);
insert into customers (id, basket_id, name, email, phone_number, location, payment) values (84, 84, 'Scarse', 'dscarse2b@tinyurl.com', '577-517-2776', 'Sweden', 466);
insert into customers (id, basket_id, name, email, phone_number, location, payment) values (85, 85, 'Petkov', 'mpetkov2c@state.gov', '975-762-3884', 'Indonesia', 410);
insert into customers (id, basket_id, name, email, phone_number, location, payment) values (86, 86, 'Vasyukhichev', 'dvasyukhichev2d@deviantart.com', '976-388-1059', 'Poland', 642);
insert into customers (id, basket_id, name, email, phone_number, location, payment) values (87, 87, 'Fishlee', 'jfishlee2e@deviantart.com', '588-546-0124', 'Japan', 316);
insert into customers (id, basket_id, name, email, phone_number, location, payment) values (88, 88, 'Liggons', 'zliggons2f@uiuc.edu', '573-515-8998', 'China', 588);
insert into customers (id, basket_id, name, email, phone_number, location, payment) values (89, 89, 'Highman', 'vhighman2g@zdnet.com', '868-672-2754', 'Greece', 897);
insert into customers (id, basket_id, name, email, phone_number, location, payment) values (90, 90, 'de Lloyd', 'ldelloyd2h@tripod.com', '195-437-5654', 'Russia', 98);
insert into customers (id, basket_id, name, email, phone_number, location, payment) values (91, 91, 'Gabrieli', 'igabrieli2i@people.com.cn', '643-877-3601', 'Portugal', 807);
insert into customers (id, basket_id, name, email, phone_number, location, payment) values (92, 92, 'Enston', 'aenston2j@pen.io', '178-777-7510', 'Cuba', 827);
insert into customers (id, basket_id, name, email, phone_number, location, payment) values (93, 93, 'Behling', 'jbehling2k@imgur.com', '148-878-3606', 'Poland', 676);
insert into customers (id, basket_id, name, email, phone_number, location, payment) values (94, 94, 'Friberg', 'ffriberg2l@baidu.com', '516-249-2270', 'Portugal', 450);
insert into customers (id, basket_id, name, email, phone_number, location, payment) values (95, 95, 'Drewet', 'mdrewet2m@ow.ly', '986-780-7089', 'Colombia', 548);
insert into customers (id, basket_id, name, email, phone_number, location, payment) values (96, 96, 'Spraggs', 'aspraggs2n@discuz.net', '215-473-7099', 'Indonesia', 483);
insert into customers (id, basket_id, name, email, phone_number, location, payment) values (97, 97, 'Grinin', 'igrinin2o@cargocollective.com', '920-498-6363', 'China', 951);
insert into customers (id, basket_id, name, email, phone_number, location, payment) values (98, 98, 'Jacobi', 'sjacobi2p@xing.com', '667-794-0102', 'Brazil', 116);
insert into customers (id, basket_id, name, email, phone_number, location, payment) values (99, 99, 'McCloud', 'smccloud2q@wikipedia.org', '240-628-5165', 'United States', 743);
insert into customers (id, basket_id, name, email, phone_number, location, payment) values (100, 100, 'Di Roberto', 'ndiroberto2r@princeton.edu', '744-821-6582', 'Poland', 410);



insert into company (id, country, products_id) values (1, 'China', 1);
insert into company (id, country, products_id) values (2, 'United States', 2);
insert into company (id, country, products_id) values (3, 'Philippines', 3);
insert into company (id, country, products_id) values (4, 'Slovenia', 4);
insert into company (id, country, products_id) values (5, 'Greece', 5);
insert into company (id, country, products_id) values (6, 'Sierra Leone', 6);
insert into company (id, country, products_id) values (7, 'Sri Lanka', 7);
insert into company (id, country, products_id) values (8, 'Philippines', 8);
insert into company (id, country, products_id) values (9, 'China', 9);
insert into company (id, country, products_id) values (10, 'China', 10);
insert into company (id, country, products_id) values (11, 'Brazil', 11);
insert into company (id, country, products_id) values (12, 'United States', 12);
insert into company (id, country, products_id) values (13, 'China', 13);
insert into company (id, country, products_id) values (14, 'Ukraine', 14);
insert into company (id, country, products_id) values (15, 'Nigeria', 15);
insert into company (id, country, products_id) values (16, 'Croatia', 16);
insert into company (id, country, products_id) values (17, 'Philippines', 17);
insert into company (id, country, products_id) values (18, 'China', 18);
insert into company (id, country, products_id) values (19, 'Greece', 19);
insert into company (id, country, products_id) values (20, 'China', 20);
insert into company (id, country, products_id) values (21, 'Ukraine', 21);
insert into company (id, country, products_id) values (22, 'Indonesia', 22);
insert into company (id, country, products_id) values (23, 'Vietnam', 23);
insert into company (id, country, products_id) values (24, 'Haiti', 24);
insert into company (id, country, products_id) values (25, 'Portugal', 25);
insert into company (id, country, products_id) values (26, 'Poland', 26);
insert into company (id, country, products_id) values (27, 'Kenya', 27);
insert into company (id, country, products_id) values (28, 'Germany', 28);
insert into company (id, country, products_id) values (29, 'Panama', 29);
insert into company (id, country, products_id) values (30, 'Colombia', 30);
insert into company (id, country, products_id) values (31, 'Indonesia', 31);
insert into company (id, country, products_id) values (32, 'China', 32);
insert into company (id, country, products_id) values (33, 'Poland', 33);
insert into company (id, country, products_id) values (34, 'Russia', 34);
insert into company (id, country, products_id) values (35, 'Indonesia', 35);
insert into company (id, country, products_id) values (36, 'Kenya', 36);
insert into company (id, country, products_id) values (37, 'Portugal', 37);
insert into company (id, country, products_id) values (38, 'Greece', 38);
insert into company (id, country, products_id) values (39, 'Poland', 39);
insert into company (id, country, products_id) values (40, 'Philippines', 40);
insert into company (id, country, products_id) values (41, 'Ukraine', 41);
insert into company (id, country, products_id) values (42, 'China', 42);
insert into company (id, country, products_id) values (43, 'Denmark', 43);
insert into company (id, country, products_id) values (44, 'China', 44);
insert into company (id, country, products_id) values (45, 'Palestinian Territory', 45);
insert into company (id, country, products_id) values (46, 'Costa Rica', 46);
insert into company (id, country, products_id) values (47, 'Indonesia', 47);
insert into company (id, country, products_id) values (48, 'Azerbaijan', 48);
insert into company (id, country, products_id) values (49, 'China', 49);
insert into company (id, country, products_id) values (50, 'Sierra Leone', 50);
insert into company (id, country, products_id) values (51, 'Peru', 51);
insert into company (id, country, products_id) values (52, 'China', 52);
insert into company (id, country, products_id) values (53, 'Poland', 53);
insert into company (id, country, products_id) values (54, 'Belarus', 54);
insert into company (id, country, products_id) values (55, 'Croatia', 55);
insert into company (id, country, products_id) values (56, 'Poland', 56);
insert into company (id, country, products_id) values (57, 'Indonesia', 57);
insert into company (id, country, products_id) values (58, 'Russia', 58);
insert into company (id, country, products_id) values (59, 'Indonesia', 59);
insert into company (id, country, products_id) values (60, 'Indonesia', 60);
insert into company (id, country, products_id) values (61, 'Venezuela', 61);
insert into company (id, country, products_id) values (62, 'Philippines', 62);
insert into company (id, country, products_id) values (63, 'China', 63);
insert into company (id, country, products_id) values (64, 'Indonesia', 64);
insert into company (id, country, products_id) values (65, 'Norway', 65);
insert into company (id, country, products_id) values (66, 'Russia', 66);
insert into company (id, country, products_id) values (67, 'Canada', 67);
insert into company (id, country, products_id) values (68, 'Brazil', 68);
insert into company (id, country, products_id) values (69, 'Sweden', 69);
insert into company (id, country, products_id) values (70, 'Indonesia', 70);
insert into company (id, country, products_id) values (71, 'Mexico', 71);
insert into company (id, country, products_id) values (72, 'Uzbekistan', 72);
insert into company (id, country, products_id) values (73, 'Seychelles', 73);
insert into company (id, country, products_id) values (74, 'Philippines', 74);
insert into company (id, country, products_id) values (75, 'France', 75);
insert into company (id, country, products_id) values (76, 'China', 76);
insert into company (id, country, products_id) values (77, 'Russia', 77);
insert into company (id, country, products_id) values (78, 'Afghanistan', 78);
insert into company (id, country, products_id) values (79, 'France', 79);
insert into company (id, country, products_id) values (80, 'Haiti', 80);
insert into company (id, country, products_id) values (81, 'Finland', 81);
insert into company (id, country, products_id) values (82, 'Philippines', 82);
insert into company (id, country, products_id) values (83, 'Russia', 83);
insert into company (id, country, products_id) values (84, 'Philippines', 84);
insert into company (id, country, products_id) values (85, 'El Salvador', 85);
insert into company (id, country, products_id) values (86, 'Indonesia', 86);
insert into company (id, country, products_id) values (87, 'Greece', 87);
insert into company (id, country, products_id) values (88, 'Brazil', 88);
insert into company (id, country, products_id) values (89, 'France', 89);
insert into company (id, country, products_id) values (90, 'Peru', 90);
insert into company (id, country, products_id) values (91, 'Armenia', 91);
insert into company (id, country, products_id) values (92, 'Brazil', 92);
insert into company (id, country, products_id) values (93, 'Portugal', 93);
insert into company (id, country, products_id) values (94, 'Bangladesh', 94);
insert into company (id, country, products_id) values (95, 'China', 95);
insert into company (id, country, products_id) values (96, 'China', 96);
insert into company (id, country, products_id) values (97, 'Poland', 97);
insert into company (id, country, products_id) values (98, 'Thailand', 98);
insert into company (id, country, products_id) values (99, 'Poland', 99);
insert into company (id, country, products_id) values (100, 'Greece', 100);